URLs,Ranking,Keyword,Avg. monthly searches,Competition
https://www.obviously.ai/,1,no code data science,50,Medium
https://venturebeat.com/2021/10/12/no-code-ai-analytics-may-soon-automate-data-science-jobs/,2,no code data science,50,Medium
https://hbr.org/2021/11/how-no-code-platforms-can-bring-ai-to-small-and-midsize-businesses,3,no code data science,50,Medium
https://towardsdatascience.com/the-no-code-approach-to-data-science-and-ai-41bf22fea971,4,no code data science,50,Medium
https://levity.ai/blog/no-code-ai-map,5,no code data science,50,Medium
https://analyticsindiamag.com/top-12-no-code-machine-learning-platforms-in-2021/,6,no code data science,50,Medium
https://research.aimultiple.com/no-code-ai/,7,no code data science,50,Medium
https://www.gyana.com/,8,no code data science,50,Medium
https://datascience.foundation/datatalk/no-code-machine-learning,9,no code data science,50,Medium
https://medium.com/captech-corner/the-truth-about-automl-and-no-code-data-science-b73f2cf50c4e,10,no code data science,50,Medium
https://www.obviously.ai/,1,no code data analytics,50,Unknown
https://towardsdatascience.com/towards-no-code-analytics-making-everyone-a-data-scientist-f7693bd0abfd,2,no code data analytics,50,Unknown
https://hbr.org/2021/11/how-no-code-platforms-can-bring-ai-to-small-and-midsize-businesses,3,no code data analytics,50,Unknown
https://www.castordoc.com/blog/what-are-the-no-code-data-tools,4,no code data analytics,50,Unknown
https://analyticsindiamag.com/top-12-no-code-machine-learning-platforms-in-2021/,5,no code data analytics,50,Unknown
https://venturebeat.com/2021/10/12/no-code-ai-analytics-may-soon-automate-data-science-jobs/,6,no code data analytics,50,Unknown
https://levity.ai/blog/no-code-ai-map,7,no code data analytics,50,Unknown
https://datrics.ai/,8,no code data analytics,50,Unknown
https://squarkai.com/,9,no code data analytics,50,Unknown
https://serokell.io/blog/top-no-code-platforms,10,no code data analytics,50,Unknown
https://towardsdatascience.com/towards-no-code-analytics-making-everyone-a-data-scientist-f7693bd0abfd,1,no code analytics,50,Low
https://www.obviously.ai/,2,no code analytics,50,Low
https://hbr.org/2021/11/how-no-code-platforms-can-bring-ai-to-small-and-midsize-businesses,3,no code analytics,50,Low
https://www.techrepublic.com/article/an-old-school-trick-to-manage-no-code-analytics-reports/,4,no code analytics,50,Low
https://venturebeat.com/2021/10/12/no-code-ai-analytics-may-soon-automate-data-science-jobs/,5,no code analytics,50,Low
https://www.nocode.tech/category/analytics,6,no code analytics,50,Low
https://professional.mit.edu/course-catalog/no-code-analytics-and-ai,7,no code analytics,50,Low
https://www.yellowfinbi.com/blog/2020/03/low-code-no-code-only-way-to-go,8,no code analytics,50,Low
https://www.castordoc.com/blog/what-are-the-no-code-data-tools,9,no code analytics,50,Low
https://www.gyana.com/,10,no code analytics,50,Low
https://www.nocodelytics.com/no-code-analytics,11,no code analytics,50,Low
https://www.obviously.ai/,1,no code data science tools,50,High
https://levity.ai/blog/no-code-ai-map,2,no code data science tools,50,High
https://analyticsindiamag.com/top-12-no-code-machine-learning-platforms-in-2021/,3,no code data science tools,50,High
https://towardsdatascience.com/top-8-no-code-machine-learning-platforms-you-should-use-in-2020-1d1801300dd0,4,no code data science tools,50,High
https://serokell.io/blog/top-no-code-platforms,5,no code data science tools,50,High
https://monkeylearn.com/blog/no-code-machine-learning/,6,no code data science tools,50,High
https://www.analyticsvidhya.com/blog/2020/12/top-8-low-code-no-code-ml-libraries-every-data-scientist-should-know/,7,no code data science tools,50,High
https://hbr.org/2021/11/how-no-code-platforms-can-bring-ai-to-small-and-midsize-businesses,8,no code data science tools,50,High
https://www.castordoc.com/blog/what-are-the-no-code-data-tools,9,no code data science tools,50,High
https://aimultiple.com/no-code-ai-tool,10,no code data science tools,50,High
https://www.akkio.com/post/the-complete-no-code-ai-guide-exploring-26-no-code-ai-tools,11,no code data science tools,50,High
https://hbr.org/2021/11/how-no-code-platforms-can-bring-ai-to-small-and-midsize-businesses,1,no code analytics platform,50,High
https://serokell.io/blog/top-no-code-platforms,2,no code analytics platform,50,High
https://www.obviously.ai/,3,no code analytics platform,50,High
https://analyticsindiamag.com/top-12-no-code-machine-learning-platforms-in-2021/,4,no code analytics platform,50,High
https://datrics.ai/,5,no code analytics platform,50,High
https://levity.ai/blog/no-code-ai-map,6,no code analytics platform,50,High
https://www.nocode.tech/category/analytics,7,no code analytics platform,50,High
https://www.yellowfinbi.com/blog/2020/03/low-code-no-code-only-way-to-go,8,no code analytics platform,50,High
https://towardsdatascience.com/top-8-no-code-machine-learning-platforms-you-should-use-in-2020-1d1801300dd0,9,no code analytics platform,50,High
https://www.techopedia.com/6-no-code-ai-platforms-that-are-accessible-to-smbs/2/34643,10,no code analytics platform,50,High
https://venturebeat.com/2021/10/12/no-code-ai-analytics-may-soon-automate-data-science-jobs/,1,no code predictive analytics,50,Low
https://venturebeat.com/2021/10/12/no-code-ai-analytics-may-soon-automate-data-science-jobs/,2,no code predictive analytics,50,Low
https://www.obviously.ai/,3,no code predictive analytics,50,Low
https://squarkai.com/,4,no code predictive analytics,50,Low
https://hbr.org/2021/11/how-no-code-platforms-can-bring-ai-to-small-and-midsize-businesses,5,no code predictive analytics,50,Low
https://analyticsindiamag.com/top-12-no-code-machine-learning-platforms-in-2021/,6,no code predictive analytics,50,Low
https://serokell.io/blog/top-no-code-platforms,7,no code predictive analytics,50,Low
https://towardsdatascience.com/towards-no-code-analytics-making-everyone-a-data-scientist-f7693bd0abfd,8,no code predictive analytics,50,Low
https://www.akkio.com/post/no-code-ai-democratizing-machine-learning-and-data-analytics,9,no code predictive analytics,50,Low
https://medium.com/codex/intro-to-no-code-ai-72225449a91a,10,no code predictive analytics,50,Low
